{"Ryan": {"level": 4, "score": 604}, "Terrance": {"level": 3, "score": 379}, "Ryan Freeman": {"level": 3, "score": 398.14000000001226}, "": {"level": 7, "score": 1254.480000000023}}